Name,Address,PhoneNo,Birthday
Godwin Forrest,90 Glacier Hill Plaza,114-100-6037,05/02/1972
Sylas Paling,9772 Goodland Point,951-628-3690,11/27/1982
Elladine Chellam,7731 Ridgeway Circle,121-388-8453,1/13/1995
Selinda Bryden,1200 Charing Cross Center,424-653-3597,11/11/1985
Wendye Karet,26296 Washington Junction,193-142-4486,1/30/1980
Ange Grene,24837 Dahle Road,512-267-4457,11/05/1993
Garnet Dhillon,56 Schmedeman Avenue,998-351-2154,9/22/1995
Goldi Hendrichs,7592 Prentice Way,923-117-7293,3/30/1981
Pietra Chadderton,3 Hollow Ridge Terrace,841-968-2688,12/14/1989
Melloney Pywell,11540 Holmberg Point,288-200-2187,1/19/1990
